{"size": 4, "chunk_size": 8, "layers": [["Layer 2", [[null, null, null, null, null, null, null, null], [null, null, null, null, null, null, null, null], [null, {"1,0": {"index": 5, "collision": false, "flip": false}, "2,0": {"index": 5, "collision": false, "flip": false}, "3,0": {"index": 5, "collision": false, "flip": false}, "4,0": {"index": 5, "collision": false, "flip": false}, "5,0": {"index": 5, "collision": false, "flip": false}, "6,0": {"index": 5, "collision": false, "flip": false}, "7,0": {"index": 5, "collision": false, "flip": false}, "1,1": {"index": 5, "collision": false, "flip": false}, "2,1": {"index": 5, "collision": false, "flip": false}, "3,1": {"index": 5, "collision": false, "flip": false}, "4,1": {"index": 5, "collision": false, "flip": false}, "5,1": {"index": 5, "collision": false, "flip": false}, "6,1": {"index": 5, "collision": false, "flip": false}, "7,1": {"index": 5, "collision": false, "flip": false}, "1,2": {"index": 2, "collision": false, "flip": false}, "2,2": {"index": 2, "collision": false, "flip": false}, "3,2": {"index": 2, "collision": false, "flip": false}, "4,2": {"index": 2, "collision": false, "flip": false}, "5,2": {"index": 2, "collision": false, "flip": false}, "6,2": {"index": 2, "collision": false, "flip": false}, "7,2": {"index": 2, "collision": false, "flip": false}, "1,3": {"index": 2, "collision": false, "flip": false}, "2,3": {"index": 2, "collision": false, "flip": false}, "3,3": {"index": 2, "collision": false, "flip": false}, "4,3": {"index": 2, "collision": false, "flip": false}, "5,3": {"index": 2, "collision": false, "flip": false}, "6,3": {"index": 2, "collision": false, "flip": false}, "7,3": {"index": 2, "collision": false, "flip": false}, "1,4": {"index": 2, "collision": false, "flip": false}, "2,4": {"index": 2, "collision": false, "flip": false}, "3,4": {"index": 2, "collision": false, "flip": false}, "4,4": {"index": 2, "collision": false, "flip": false}, "5,4": {"index": 2, "collision": false, "flip": false}, "6,4": {"index": 2, "collision": false, "flip": false}, "7,4": {"index": 2, "collision": false, "flip": false}, "0,5": {"index": 0, "collision": true, "flip": false}, "1,5": {"index": 2, "collision": false, "flip": false}, "2,5": {"index": 2, "collision": false, "flip": false}, "3,5": {"index": 2, "collision": false, "flip": false}, "4,5": {"index": 2, "collision": false, "flip": false}, "5,5": {"index": 2, "collision": false, "flip": false}, "6,5": {"index": 2, "collision": false, "flip": false}, "7,5": {"index": 2, "collision": false, "flip": false}}, {"0,0": {"index": 5, "collision": false, "flip": false}, "1,0": {"index": 5, "collision": false, "flip": false}, "2,0": {"index": 5, "collision": false, "flip": false}, "3,0": {"index": 5, "collision": false, "flip": false}, "4,0": {"index": 5, "collision": false, "flip": false}, "5,0": {"index": 5, "collision": false, "flip": false}, "6,0": {"index": 5, "collision": false, "flip": false}, "0,1": {"index": 5, "collision": false, "flip": false}, "1,1": {"index": 5, "collision": false, "flip": false}, "2,1": {"index": 5, "collision": false, "flip": false}, "3,1": {"index": 5, "collision": false, "flip": false}, "4,1": {"index": 5, "collision": false, "flip": false}, "5,1": {"index": 5, "collision": false, "flip": false}, "6,1": {"index": 5, "collision": false, "flip": false}, "0,2": {"index": 2, "collision": false, "flip": false}, "1,2": {"index": 2, "collision": false, "flip": false}, "2,2": {"index": 2, "collision": false, "flip": false}, "3,2": {"index": 2, "collision": false, "flip": false}, "4,2": {"index": 2, "collision": false, "flip": false}, "5,2": {"index": 2, "collision": false, "flip": false}, "6,2": {"index": 2, "collision": false, "flip": false}, "0,3": {"index": 2, "collision": false, "flip": false}, "1,3": {"index": 2, "collision": false, "flip": false}, "2,3": {"index": 2, "collision": false, "flip": false}, "3,3": {"index": 2, "collision": false, "flip": false}, "4,3": {"index": 2, "collision": false, "flip": false}, "5,3": {"index": 2, "collision": false, "flip": false}, "6,3": {"index": 2, "collision": false, "flip": false}, "0,4": {"index": 2, "collision": false, "flip": false}, "1,4": {"index": 2, "collision": false, "flip": false}, "2,4": {"index": 2, "collision": false, "flip": false}, "3,4": {"index": 2, "collision": false, "flip": false}, "4,4": {"index": 2, "collision": false, "flip": false}, "5,4": {"index": 2, "collision": false, "flip": false}, "6,4": {"index": 2, "collision": false, "flip": false}, "0,5": {"index": 2, "collision": false, "flip": false}, "1,5": {"index": 2, "collision": false, "flip": false}, "2,5": {"index": 2, "collision": false, "flip": false}, "3,5": {"index": 2, "collision": false, "flip": false}, "4,5": {"index": 2, "collision": false, "flip": false}, "5,5": {"index": 2, "collision": false, "flip": false}, "6,5": {"index": 2, "collision": false, "flip": false}}, null, null, null, null, null], [null, null, null, null, null, null, null, null], [null, null, null, null, null, null, null, null], [null, null, null, null, null, null, null, null], [null, null, null, null, null, null, null, null], [null, null, null, null, null, null, null, null]]], ["Layer 3", [[null, null, null, null], [null, null, null, null], [null, {"1,0": {"index": 0, "collision": false, "flip": false, "animation_duration": [15, 60, 15, 60]}, "2,0": {"index": 0, "collision": false, "flip": false, "animation_duration": [15, 60, 15, 60]}, "3,0": {"index": 0, "collision": false, "flip": false, "animation_duration": [15, 60, 15, 60]}, "4,0": {"index": 0, "collision": false, "flip": false, "animation_duration": [15, 60, 15, 60]}, "5,0": {"index": 0, "collision": false, "flip": false, "animation_duration": [15, 60, 15, 60]}, "6,0": {"index": 0, "collision": false, "flip": false, "animation_duration": [15, 60, 15, 60]}, "7,0": {"index": 0, "collision": false, "flip": false, "animation_duration": [15, 60, 15, 60]}, "4,3": {"index": 8, "collision": false, "flip": false}, "6,3": {"index": 1, "collision": false, "flip": true, "animation_duration": [5, 5, 5, 5, 5, 5, 5]}, "1,5": {"index": 15, "collision": false, "flip": true}, "2,5": {"index": 13, "collision": false, "flip": false}, "3,5": {"index": 27, "collision": false, "flip": false}}, {"0,0": {"index": 0, "collision": false, "flip": false, "animation_duration": [15, 60, 15, 60]}, "1,0": {"index": 0, "collision": false, "flip": false, "animation_duration": [15, 60, 15, 60]}, "2,0": {"index": 0, "collision": false, "flip": false, "animation_duration": [15, 60, 15, 60]}, "3,0": {"index": 0, "collision": false, "flip": false, "animation_duration": [15, 60, 15, 60]}, "4,0": {"index": 0, "collision": false, "flip": false, "animation_duration": [15, 60, 15, 60]}, "5,0": {"index": 0, "collision": false, "flip": false, "animation_duration": [15, 60, 15, 60]}, "6,0": {"index": 0, "collision": false, "flip": false, "animation_duration": [15, 60, 15, 60]}, "1,3": {"index": 1, "collision": false, "flip": false, "animation_duration": [5, 5, 5, 5, 5, 5, 5]}, "3,3": {"index": 8, "collision": false, "flip": false}, "7,4": {"index": 1, "collision": true, "flip": false, "animation_duration": [5, 5, 5, 5, 5, 5, 5]}, "0,5": {"index": 23, "collision": false, "flip": false}, "4,5": {"index": 9, "collision": false, "flip": false}, "5,5": {"index": 10, "collision": false, "flip": false}, "6,5": {"index": 14, "collision": false, "flip": false}}, null], [null, null, null, null]]], ["Layer 1", [[null, null, null, null], [null, {"1,7": {"index": 6, "collision": false, "flip": false}, "2,7": {"index": 6, "collision": false, "flip": false}, "3,7": {"index": 6, "collision": false, "flip": false}, "4,7": {"index": 6, "collision": false, "flip": false}, "5,7": {"index": 6, "collision": false, "flip": false}, "6,7": {"index": 6, "collision": false, "flip": false}, "7,7": {"index": 6, "collision": false, "flip": false}}, {"0,7": {"index": 6, "collision": false, "flip": false}, "1,7": {"index": 6, "collision": false, "flip": false}, "2,7": {"index": 6, "collision": false, "flip": false}, "3,7": {"index": 6, "collision": false, "flip": false}, "4,7": {"index": 6, "collision": false, "flip": false}, "5,7": {"index": 6, "collision": false, "flip": false}, "6,7": {"index": 6, "collision": false, "flip": false}}, null], [null, {"0,5": {"index": 6, "collision": true, "flip": false}, "0,6": {"index": 6, "collision": true, "flip": false}, "1,6": {"index": 6, "collision": true, "flip": false}, "2,6": {"index": 6, "collision": true, "flip": false}, "3,6": {"index": 6, "collision": true, "flip": false}, "4,6": {"index": 6, "collision": true, "flip": false}, "5,6": {"index": 6, "collision": true, "flip": false}, "6,6": {"index": 6, "collision": true, "flip": false}, "7,6": {"index": 6, "collision": true, "flip": false}}, {"0,4": {"index": 6, "collision": true, "flip": false}, "7,4": {"index": 8, "collision": true, "flip": false}, "2,5": {"index": 6, "collision": true, "flip": false}, "7,5": {"index": 6, "collision": true, "flip": false}, "0,6": {"index": 6, "collision": true, "flip": false}, "1,6": {"index": 6, "collision": true, "flip": false}, "2,6": {"index": 6, "collision": true, "flip": false}, "3,6": {"index": 6, "collision": true, "flip": false}, "4,6": {"index": 6, "collision": true, "flip": false}, "5,6": {"index": 6, "collision": true, "flip": false}, "6,6": {"index": 6, "collision": true, "flip": false}, "7,6": {"index": 6, "collision": true, "flip": false}}, null], [null, null, null, null]]]]}