{"size": 4, "chunk_size": 8, "layers": [["GOBI", [[null, null, null, null, null, null, null, null], [null, null, null, null, null, null, null, null], [null, {"0,0": {"index": 0, "collision": true, "flip": true}, "1,0": {"index": 0, "collision": true, "flip": true}, "2,0": {"index": 0, "collision": true, "flip": true}, "3,0": {"index": 0, "collision": true, "flip": true}, "4,0": {"index": 0, "collision": true, "flip": true}, "5,0": {"index": 0, "collision": true, "flip": true}, "6,0": {"index": 0, "collision": true, "flip": true}, "7,0": {"index": 0, "collision": true, "flip": true}, "0,1": {"index": 0, "collision": true, "flip": true}, "1,1": {"index": 2, "collision": false, "flip": false}, "2,1": {"index": 2, "collision": false, "flip": false}, "3,1": {"index": 2, "collision": false, "flip": false}, "4,1": {"index": 2, "collision": false, "flip": false}, "5,1": {"index": 2, "collision": false, "flip": false}, "6,1": {"index": 2, "collision": false, "flip": false}, "7,1": {"index": 2, "collision": false, "flip": false}, "0,2": {"index": 0, "collision": true, "flip": true}, "1,2": {"index": 2, "collision": false, "flip": false}, "2,2": {"index": 2, "collision": false, "flip": false}, "3,2": {"index": 2, "collision": false, "flip": false}, "4,2": {"index": 2, "collision": false, "flip": false}, "5,2": {"index": 2, "collision": false, "flip": false}, "6,2": {"index": 2, "collision": false, "flip": false}, "7,2": {"index": 2, "collision": false, "flip": false}, "0,3": {"index": 0, "collision": true, "flip": true}, "1,3": {"index": 2, "collision": false, "flip": false}, "2,3": {"index": 2, "collision": false, "flip": false}, "3,3": {"index": 2, "collision": false, "flip": false}, "4,3": {"index": 2, "collision": false, "flip": false}, "5,3": {"index": 2, "collision": false, "flip": false}, "6,3": {"index": 2, "collision": false, "flip": false}, "7,3": {"index": 2, "collision": false, "flip": false}, "0,4": {"index": 0, "collision": true, "flip": true}, "1,4": {"index": 2, "collision": false, "flip": false}, "2,4": {"index": 2, "collision": false, "flip": false}, "3,4": {"index": 2, "collision": false, "flip": false}, "4,4": {"index": 2, "collision": false, "flip": false}, "5,4": {"index": 2, "collision": false, "flip": false}, "6,4": {"index": 2, "collision": false, "flip": false}, "7,4": {"index": 2, "collision": false, "flip": false}, "1,5": {"index": 2, "collision": false, "flip": false}, "2,5": {"index": 2, "collision": false, "flip": false}, "3,5": {"index": 2, "collision": false, "flip": false}, "4,5": {"index": 2, "collision": false, "flip": false}, "5,5": {"index": 2, "collision": false, "flip": false}, "6,5": {"index": 2, "collision": false, "flip": false}, "7,5": {"index": 2, "collision": false, "flip": false}}, {"0,0": {"index": 0, "collision": true, "flip": true}, "1,0": {"index": 0, "collision": true, "flip": true}, "2,0": {"index": 0, "collision": true, "flip": true}, "3,0": {"index": 0, "collision": true, "flip": true}, "4,0": {"index": 0, "collision": true, "flip": true}, "5,0": {"index": 0, "collision": true, "flip": true}, "6,0": {"index": 0, "collision": true, "flip": true}, "0,1": {"index": 2, "collision": false, "flip": false}, "1,1": {"index": 2, "collision": false, "flip": false}, "2,1": {"index": 2, "collision": false, "flip": true}, "3,1": {"index": 2, "collision": false, "flip": false}, "4,1": {"index": 2, "collision": false, "flip": false}, "5,1": {"index": 2, "collision": false, "flip": false}, "6,1": {"index": 2, "collision": false, "flip": false}, "7,1": {"index": 0, "collision": true, "flip": true}, "0,2": {"index": 2, "collision": false, "flip": false}, "1,2": {"index": 2, "collision": false, "flip": false}, "2,2": {"index": 2, "collision": false, "flip": false}, "3,2": {"index": 2, "collision": false, "flip": false}, "4,2": {"index": 2, "collision": false, "flip": false}, "5,2": {"index": 2, "collision": false, "flip": false}, "6,2": {"index": 2, "collision": false, "flip": false}, "7,2": {"index": 0, "collision": true, "flip": true}, "0,3": {"index": 2, "collision": false, "flip": false}, "1,3": {"index": 2, "collision": false, "flip": false}, "2,3": {"index": 2, "collision": false, "flip": false}, "3,3": {"index": 2, "collision": false, "flip": false}, "4,3": {"index": 2, "collision": false, "flip": false}, "5,3": {"index": 2, "collision": false, "flip": false}, "6,3": {"index": 2, "collision": false, "flip": false}, "7,3": {"index": 0, "collision": true, "flip": true}, "0,4": {"index": 2, "collision": false, "flip": false}, "1,4": {"index": 2, "collision": false, "flip": false}, "2,4": {"index": 2, "collision": false, "flip": false}, "3,4": {"index": 2, "collision": false, "flip": false}, "4,4": {"index": 2, "collision": false, "flip": false}, "5,4": {"index": 2, "collision": false, "flip": false}, "6,4": {"index": 2, "collision": false, "flip": false}, "7,4": {"index": 0, "collision": true, "flip": true}, "0,5": {"index": 2, "collision": false, "flip": false}, "1,5": {"index": 2, "collision": false, "flip": false}, "2,5": {"index": 2, "collision": false, "flip": false}, "3,5": {"index": 2, "collision": false, "flip": false}, "4,5": {"index": 2, "collision": false, "flip": false}, "5,5": {"index": 2, "collision": false, "flip": false}, "6,5": {"index": 2, "collision": false, "flip": false}, "7,5": {"index": 0, "collision": false, "flip": true}}, {"0,1": {"index": 2, "collision": false, "flip": true}, "1,1": {"index": 2, "collision": false, "flip": true}, "2,1": {"index": 2, "collision": false, "flip": true}, "3,1": {"index": 2, "collision": false, "flip": true}, "4,1": {"index": 2, "collision": false, "flip": true}, "5,1": {"index": 2, "collision": false, "flip": true}, "6,1": {"index": 2, "collision": false, "flip": true}, "7,1": {"index": 2, "collision": false, "flip": true}, "0,2": {"index": 6, "collision": true, "flip": true}, "1,2": {"index": 2, "collision": false, "flip": true}, "2,2": {"index": 2, "collision": false, "flip": true}, "3,2": {"index": 2, "collision": false, "flip": true}, "4,2": {"index": 2, "collision": false, "flip": true}, "5,2": {"index": 2, "collision": false, "flip": true}, "6,2": {"index": 2, "collision": false, "flip": true}, "7,2": {"index": 2, "collision": false, "flip": true}, "0,3": {"index": 2, "collision": false, "flip": true}, "1,3": {"index": 2, "collision": false, "flip": true}, "2,3": {"index": 6, "collision": true, "flip": true}, "3,3": {"index": 2, "collision": false, "flip": true}, "4,3": {"index": 2, "collision": false, "flip": true}, "5,3": {"index": 2, "collision": false, "flip": true}, "6,3": {"index": 2, "collision": false, "flip": true}, "7,3": {"index": 2, "collision": false, "flip": true}, "0,4": {"index": 2, "collision": false, "flip": true}, "1,4": {"index": 2, "collision": false, "flip": true}, "2,4": {"index": 2, "collision": false, "flip": true}, "3,4": {"index": 2, "collision": false, "flip": true}, "4,4": {"index": 6, "collision": true, "flip": true}, "5,4": {"index": 2, "collision": false, "flip": true}, "6,4": {"index": 2, "collision": false, "flip": true}, "7,4": {"index": 2, "collision": false, "flip": true}, "0,5": {"index": 2, "collision": false, "flip": true}, "1,5": {"index": 2, "collision": false, "flip": true}, "2,5": {"index": 2, "collision": false, "flip": true}, "3,5": {"index": 2, "collision": false, "flip": true}, "4,5": {"index": 2, "collision": false, "flip": true}, "5,5": {"index": 2, "collision": false, "flip": true}, "6,5": {"index": 6, "collision": true, "flip": true}, "7,5": {"index": 2, "collision": false, "flip": true}, "0,6": {"index": 6, "collision": true, "flip": true}, "1,6": {"index": 6, "collision": true, "flip": true}, "2,6": {"index": 6, "collision": true, "flip": true}, "3,6": {"index": 6, "collision": true, "flip": true}, "4,6": {"index": 6, "collision": true, "flip": true}, "5,6": {"index": 6, "collision": true, "flip": true}, "6,6": {"index": 6, "collision": true, "flip": true}, "7,6": {"index": 6, "collision": true, "flip": true}}, {"0,1": {"index": 2, "collision": false, "flip": true}, "0,2": {"index": 2, "collision": false, "flip": true}, "0,3": {"index": 2, "collision": false, "flip": true}, "0,4": {"index": 6, "collision": true, "flip": true}, "0,5": {"index": 2, "collision": false, "flip": true}, "1,5": {"index": 6, "collision": true, "flip": true}, "0,6": {"index": 6, "collision": true, "flip": true}, "1,6": {"index": 6, "collision": true, "flip": true}}, null, null, null], [null, null, null, null, null, null, null, null], [null, null, null, null, null, null, null, null], [null, null, null, null, null, null, null, null], [null, null, null, null, null, null, null, null], [null, null, null, null, null, null, null, null]]], ["Layer 3", [[null, null, null, null, null, null, null, null], [null, null, null, null, null, null, null, null], [null, {"4,3": {"index": 8, "collision": false, "flip": false}, "5,3": {"index": 26, "collision": false, "flip": false}, "1,5": {"index": 15, "collision": false, "flip": true}, "2,5": {"index": 13, "collision": false, "flip": false}, "3,5": {"index": 27, "collision": false, "flip": false}}, {"2,3": {"index": 26, "collision": false, "flip": false}, "0,5": {"index": 23, "collision": false, "flip": false}, "4,5": {"index": 9, "collision": false, "flip": false}, "5,5": {"index": 10, "collision": false, "flip": false}, "6,5": {"index": 14, "collision": false, "flip": false}}, null, null, null, null, null], [null, null, null, null, null, null, null, null], [null, null, null, null, null, null, null, null], [null, null, null, null, null, null, null, null], [null, null, null, null, null, null, null, null], [null, null, null, null, null, null, null, null]]], ["Layer 1", [[null, null, null, null], [null, null, null, null], [null, {"1,1": {"index": 25, "collision": false, "flip": false}, "2,1": {"index": 21, "collision": false, "flip": false}, "3,1": {"index": 21, "collision": false, "flip": true}, "5,1": {"index": 21, "collision": false, "flip": false}, "6,1": {"index": 21, "collision": false, "flip": true}, "1,2": {"index": 25, "collision": false, "flip": false}, "0,5": {"index": 6, "collision": true, "flip": false}, "5,5": {"index": 29, "collision": false, "flip": false}, "6,5": {"index": 18, "collision": false, "flip": true}, "7,5": {"index": 19, "collision": false, "flip": true}, "0,6": {"index": 6, "collision": true, "flip": false}, "1,6": {"index": 6, "collision": true, "flip": true}, "2,6": {"index": 6, "collision": true, "flip": true}, "3,6": {"index": 6, "collision": true, "flip": true}, "4,6": {"index": 6, "collision": true, "flip": true}, "5,6": {"index": 6, "collision": true, "flip": true}, "6,6": {"index": 6, "collision": true, "flip": true}, "7,6": {"index": 6, "collision": true, "flip": true}}, {"1,1": {"index": 22, "collision": false, "flip": true}, "2,1": {"index": 22, "collision": false, "flip": true}, "3,1": {"index": 20, "collision": false, "flip": true}, "6,1": {"index": 25, "collision": false, "flip": false}, "1,3": {"index": 31, "collision": false, "flip": false}, "1,4": {"index": 30, "collision": false, "flip": false}, "1,5": {"index": 30, "collision": false, "flip": false}, "2,5": {"index": 24, "collision": false, "flip": false}, "3,5": {"index": 12, "collision": false, "flip": true}, "0,6": {"index": 6, "collision": true, "flip": true}, "1,6": {"index": 6, "collision": true, "flip": false}, "2,6": {"index": 6, "collision": true, "flip": false}, "3,6": {"index": 6, "collision": true, "flip": false}, "4,6": {"index": 6, "collision": true, "flip": false}, "5,6": {"index": 6, "collision": true, "flip": false}, "6,6": {"index": 6, "collision": true, "flip": false}, "7,6": {"index": 6, "collision": true, "flip": false}}, null], [null, null, null, null]]]]}